"Country or Area","Year","Value","Value Footnotes","Unit"
"Albania","2017","18368.0","1","million cubic metres"
"Albania","2016","21846.0","1","million cubic metres"
"Albania","2015","19300.0","1","million cubic metres"
"Albania","2014","20445.0","1","million cubic metres"
"Albania","2013","17451.0","1","million cubic metres"
"Andorra","2019","366.6","","million cubic metres"
"Andorra","2018","339.0","","million cubic metres"
"Andorra","2017","283.8","","million cubic metres"
"Andorra","2016","300.9","","million cubic metres"
"Andorra","2015","251.0","","million cubic metres"
"Andorra","2014","330.4","","million cubic metres"
"Andorra","2013","313.4","","million cubic metres"
"Andorra","2012","198.5","","million cubic metres"
"Andorra","2011","162.4","","million cubic metres"
"Andorra","2010","260.0","","million cubic metres"
"Andorra","2009","266.8","","million cubic metres"
"Andorra","2008","295.6","","million cubic metres"
"Andorra","2007","126.4","","million cubic metres"
"Andorra","2006","156.8","","million cubic metres"
"Andorra","2005","187.4","","million cubic metres"
"Andorra","2004","183.5","","million cubic metres"
"Andorra","2003","279.9","","million cubic metres"
"Andorra","2002","327.7","","million cubic metres"
"Andorra","2001","241.7","","million cubic metres"
"Andorra","2000","298.3","","million cubic metres"
"Andorra","1999","295.1","","million cubic metres"
"Andorra","1998","181.4","","million cubic metres"
"Andorra","1997","251.6","","million cubic metres"
"Andorra","1996","443.0","","million cubic metres"
"Andorra","1995","242.2","","million cubic metres"
"Andorra","1990","283.8","","million cubic metres"
"Andorra","0","240.1","","million cubic metres"
"Armenia","2021","3863.0","","million cubic metres"
"Armenia","2020","4771.0","","million cubic metres"
"Armenia","2019","3086.0","","million cubic metres"
"Armenia","2018","5939.0","","million cubic metres"
"Armenia","2017","3953.0","","million cubic metres"
"Armenia","2016","6084.0","","million cubic metres"
"Armenia","2015","5678.0","","million cubic metres"
"Armenia","2014","5061.0","","million cubic metres"
"Armenia","2013","5537.0","","million cubic metres"
"Armenia","2012","5181.0","","million cubic metres"
"Armenia","2011","8512.0","","million cubic metres"
"Armenia","2010","6898.0","","million cubic metres"
"Armenia","2009","7039.0","","million cubic metres"
"Armenia","2008","3538.0","","million cubic metres"
"Armenia","2007","7854.0","","million cubic metres"
"Armenia","2006","5577.0","","million cubic metres"
"Armenia","2005","7394.0","","million cubic metres"
"Armenia","2004","4756.0","","million cubic metres"
"Armenia","2003","7598.0","","million cubic metres"
"Armenia","2002","6831.0","","million cubic metres"
"Armenia","2001","2766.0","","million cubic metres"
"Armenia","2000","2232.0","","million cubic metres"
"Armenia","1995","4881.0","","million cubic metres"
"Armenia","0","6317.0","","million cubic metres"
"Australia","0","362.0","","million cubic metres"
"Austria","2007","54254.0","","million cubic metres"
"Austria","0","56700.0","","million cubic metres"
"Azerbaijan","2021","5067.0","","million cubic metres"
"Azerbaijan","2020","4503.0","","million cubic metres"
"Azerbaijan","2019","4853.0","","million cubic metres"
"Azerbaijan","2018","4810.0","","million cubic metres"
"Azerbaijan","2017","4613.0","","million cubic metres"
"Azerbaijan","2016","4976.0","","million cubic metres"
"Azerbaijan","2015","4150.0","","million cubic metres"
"Azerbaijan","2014","3965.0","","million cubic metres"
"Azerbaijan","2013","4751.0","","million cubic metres"
"Azerbaijan","2012","5058.0","","million cubic metres"
"Azerbaijan","2011","5630.0","","million cubic metres"
"Azerbaijan","2010","5603.0","","million cubic metres"
"Azerbaijan","2009","5268.0","","million cubic metres"
"Azerbaijan","2008","4650.0","","million cubic metres"
"Azerbaijan","2007","4378.0","","million cubic metres"
"Azerbaijan","2006","4075.0","","million cubic metres"
"Azerbaijan","2005","4348.0","","million cubic metres"
"Azerbaijan","2004","5414.0","","million cubic metres"
"Azerbaijan","2003","5964.0","","million cubic metres"
"Azerbaijan","2002","5199.0","","million cubic metres"
"Azerbaijan","2001","4237.0","","million cubic metres"
"Azerbaijan","2000","4634.0","","million cubic metres"
"Azerbaijan","1999","9332.9","","million cubic metres"
"Azerbaijan","1995","9937.8","","million cubic metres"
"Azerbaijan","1990","8814.4","","million cubic metres"
"Azerbaijan","0","10330.0","","million cubic metres"
"Bangladesh","2015","336150.0","","million cubic metres"
"Bangladesh","2014","238877.0","","million cubic metres"
"Bangladesh","2013","270271.0","","million cubic metres"
"Bangladesh","2012","270566.0","","million cubic metres"
"Bangladesh","2011","297004.0","","million cubic metres"
"Bangladesh","2010","243033.0","","million cubic metres"
"Bangladesh","2009","247756.0","","million cubic metres"
"Bangladesh","2008","283272.0","","million cubic metres"
"Bangladesh","2007","333392.0","","million cubic metres"
"Bangladesh","2006","236719.0","","million cubic metres"
"Bangladesh","2005","287538.0","","million cubic metres"
"Bangladesh","2004","325812.0","","million cubic metres"
"Bangladesh","1990","314099.0","","million cubic metres"
"Bangladesh","0","285705.2","","million cubic metres"
"Belarus","2021","30300.0","","million cubic metres"
"Belarus","2020","23200.0","","million cubic metres"
"Belarus","2019","22700.0","","million cubic metres"
"Belarus","2018","33500.0","","million cubic metres"
"Belarus","2017","37400.0","","million cubic metres"
"Belarus","2016","25800.0","","million cubic metres"
"Belarus","2015","18100.0","","million cubic metres"
"Belarus","2014","24900.0","","million cubic metres"
"Belarus","2013","44700.0","","million cubic metres"
"Belarus","2012","38000.0","","million cubic metres"
"Belarus","2011","35500.0","","million cubic metres"
"Belarus","2010","29800.0","","million cubic metres"
"Belarus","2009","44500.0","","million cubic metres"
"Belarus","2008","33500.0","","million cubic metres"
"Belarus","2007","33700.0","","million cubic metres"
"Belarus","2006","33700.0","","million cubic metres"
"Belarus","2005","42500.0","","million cubic metres"
"Belarus","2004","38300.0","","million cubic metres"
"Belarus","2003","26000.0","","million cubic metres"
"Belarus","2002","28000.0","","million cubic metres"
"Belarus","2001","32700.0","","million cubic metres"
"Belarus","2000","35700.0","","million cubic metres"
"Belarus","1999","42899.0","","million cubic metres"
"Belarus","1998","85589.0","","million cubic metres"
"Belarus","1997","45672.0","","million cubic metres"
"Belarus","1996","53561.0","","million cubic metres"
"Belarus","1995","34900.0","","million cubic metres"
"Belarus","1990","60619.2","","million cubic metres"
"Belarus","0","34000.0","","million cubic metres"
"Belgium","2017","10686.0","","million cubic metres"
"Belgium","2016","11091.0","","million cubic metres"
"Belgium","2015","10780.0","","million cubic metres"
"Belgium","2014","9240.0","","million cubic metres"
"Belgium","2013","10532.0","","million cubic metres"
"Belgium","2012","12112.0","","million cubic metres"
"Belgium","2007","14173.0","","million cubic metres"
"Belgium","2006","12503.0","","million cubic metres"
"Belgium","2005","7995.0","","million cubic metres"
"Belgium","2004","11232.0","","million cubic metres"
"Belgium","2003","5589.0","","million cubic metres"
"Belgium","2002","16346.0","","million cubic metres"
"Belgium","2001","17358.0","","million cubic metres"
"Belgium","2000","15812.0","","million cubic metres"
"Belgium","1999","14214.5","","million cubic metres"
"Belgium","1998","16137.4","","million cubic metres"
"Belgium","1997","9269.1","","million cubic metres"
"Belgium","1996","7950.0","","million cubic metres"
"Belgium","1995","12252.0","","million cubic metres"
"Belgium","1994","12312.1","","million cubic metres"
"Belgium","1993","13166.6","","million cubic metres"
"Belgium","1992","12858.9","","million cubic metres"
"Belgium","1991","8874.7","","million cubic metres"
"Belgium","1990","8761.0","","million cubic metres"
"Belgium","0","12452.0","","million cubic metres"
"Belize","2005","12972.0","","million cubic metres"
"Belize","2004","3395.0","","million cubic metres"
"Belize","2003","2802.0","","million cubic metres"
"Belize","2002","4397.0","","million cubic metres"
"Belize","2001","9751.0","","million cubic metres"
"Benin","2017","2369.0","","million cubic metres"
"Benin","2016","3041.7","","million cubic metres"
"Benin","2015","1601.1","","million cubic metres"
"Benin","2014","2151.3","","million cubic metres"
"Benin","2013","2055.7","","million cubic metres"
"Benin","2012","3544.1","","million cubic metres"
"Benin","2011","4301.1","","million cubic metres"
"Benin","2010","4511.0","","million cubic metres"
"Benin","2009","5091.0","","million cubic metres"
"Benin","2008","6208.1","","million cubic metres"
"Benin","2007","6028.2","","million cubic metres"
"Benin","2006","2857.1","","million cubic metres"
"Benin","2005","3760.6","","million cubic metres"
"Benin","2004","4724.0","","million cubic metres"
"Benin","2003","3601.3","","million cubic metres"
"Benin","2002","2654.9","","million cubic metres"
"Benin","2001","1902.5","","million cubic metres"
"Benin","2000","4318.4","","million cubic metres"
"Benin","1999","5422.9","","million cubic metres"
"Benin","1998","3585.1","","million cubic metres"
"Benin","1997","4263.5","","million cubic metres"
"Benin","1996","3341.0","","million cubic metres"
"Benin","1995","4763.9","","million cubic metres"
"Benin","1990","2360.3","","million cubic metres"
"Benin","0","3591.6","","million cubic metres"
"Bermuda","2019","24.0","","million cubic metres"
"Bermuda","2018","24.0","","million cubic metres"
"Bermuda","2017","23.2","","million cubic metres"
"Bermuda","2016","31.6","","million cubic metres"
"Bermuda","2015","25.1","","million cubic metres"
"Bermuda","2014","30.1","","million cubic metres"
"Bermuda","2013","27.3","","million cubic metres"
"Bermuda","2012","21.8","","million cubic metres"
"Bermuda","2011","17.9","","million cubic metres"
"Bermuda","2010","20.4","","million cubic metres"
"Bermuda","2009","24.7","","million cubic metres"
"Bermuda","2008","24.7","","million cubic metres"
"Bermuda","2007","25.0","","million cubic metres"
"Bermuda","2006","26.8","","million cubic metres"
"Bosnia and Herzegovina","2017","26107.0","","million cubic metres"
"Bosnia and Herzegovina","2016","29663.0","","million cubic metres"
"Bosnia and Herzegovina","2015","24008.0","","million cubic metres"
"Bosnia and Herzegovina","2014","48727.0","","million cubic metres"
"Bosnia and Herzegovina","2013","34371.0","","million cubic metres"
"Bosnia and Herzegovina","2012","27393.0","","million cubic metres"
"Bosnia and Herzegovina","2011","12614.0","","million cubic metres"
"Bosnia and Herzegovina","2010","51907.0","","million cubic metres"
"Bosnia and Herzegovina","2009","14507.0","","million cubic metres"
"Bosnia and Herzegovina","2008","11925.0","","million cubic metres"
"Bosnia and Herzegovina","2007","12976.0","","million cubic metres"
"Bosnia and Herzegovina","2006","11978.0","","million cubic metres"
"Bosnia and Herzegovina","2005","15182.0","","million cubic metres"
"Bosnia and Herzegovina","2004","14670.0","","million cubic metres"
"Bosnia and Herzegovina","2003","10460.0","","million cubic metres"
"Bosnia and Herzegovina","2002","13558.0","","million cubic metres"
"Bosnia and Herzegovina","2001","14915.0","","million cubic metres"
"Bosnia and Herzegovina","2000","17608.0","","million cubic metres"
"Bosnia and Herzegovina","0","30290.0","","million cubic metres"
"Brazil","2017","4877611.5","","million cubic metres"
"Brazil","2016","4085039.9","","million cubic metres"
"Brazil","2015","4408312.2","","million cubic metres"
"Brazil","2014","5675219.8","","million cubic metres"
"Brazil","2013","5909322.8","","million cubic metres"
"Brazil","2012","1488356.3","","million cubic metres"
"Brazil","2011","3674868.5","","million cubic metres"
"Brazil","2010","6771338.0","","million cubic metres"
"Brazil","2009","6618319.0","","million cubic metres"
"Brazil","2008","6622448.0","","million cubic metres"
"Brazil","2007","6988163.0","","million cubic metres"
"Brazil","2006","6979055.0","","million cubic metres"
"Brazil","2005","6841269.0","","million cubic metres"
"Brazil","2004","6828025.0","","million cubic metres"
"Brazil","2003","6683889.0","","million cubic metres"
"Brazil","2002","7086438.0","","million cubic metres"
"Brazil","2001","7048454.0","","million cubic metres"
"Brazil","0","5657229.5","","million cubic metres"
"Bulgaria","2017","14204.0","","million cubic metres"
"Bulgaria","2016","18399.0","","million cubic metres"
"Bulgaria","2015","30021.0","","million cubic metres"
"Bulgaria","2014","24830.0","","million cubic metres"
"Bulgaria","2013","16184.0","","million cubic metres"
"Bulgaria","2012","16451.0","","million cubic metres"
"Bulgaria","2011","0.0","","million cubic metres"
"Bulgaria","2010","0.0","","million cubic metres"
"Bulgaria","0","15839.0","","million cubic metres"
"Cabo Verde","2019","-726.9","","million cubic metres"
"Cabo Verde","2018","1240.8","","million cubic metres"
"Cabo Verde","2017","-2499.9","","million cubic metres"
"Cabo Verde","2016","11064.8","","million cubic metres"
"Cabo Verde","2015","13019.1","","million cubic metres"
"Cabo Verde","2014","-1738.7","","million cubic metres"
"Cabo Verde","2013","9413.5","","million cubic metres"
"Cabo Verde","2012","7034.7","","million cubic metres"
"Cabo Verde","2011","10752.7","","million cubic metres"
"Cabo Verde","2010","13536.3","","million cubic metres"
"Canada","0","3472.0","","million cubic metres"
"Chile","1990","940250.0","","million cubic metres"
"Chile","0","981708.3","","million cubic metres"
"China","2020","3160500.0","","million cubic metres"
"China","2019","2904100.0","","million cubic metres"
"China","2018","2746300.0","","million cubic metres"
"China","2017","2876100.0","","million cubic metres"
"China","2016","3246600.0","","million cubic metres"
"China","2015","2796300.0","","million cubic metres"
"China","2014","2726700.0","","million cubic metres"
"China","2013","2795800.0","","million cubic metres"
"China","2012","2952900.0","","million cubic metres"
"China","2011","2325700.0","","million cubic metres"
"China","2010","3090600.0","","million cubic metres"
"China","2009","2418000.0","","million cubic metres"
"China","2008","2743400.0","","million cubic metres"
"China","2007","2525500.0","","million cubic metres"
"China","2006","2533000.0","","million cubic metres"
"China","2005","2805300.0","","million cubic metres"
"China","2004","2413000.0","","million cubic metres"
"China","2003","2746000.0","","million cubic metres"
"China","2002","2826100.0","","million cubic metres"
"China","2001","2686800.0","","million cubic metres"
"China","2000","2770100.0","","million cubic metres"
"China","0","2840500.0","","million cubic metres"
"China, Hong Kong Special Administrative Region","2015","1019.5","","million cubic metres"
"China, Hong Kong Special Administrative Region","2014","1782.6","","million cubic metres"
"China, Hong Kong Special Administrative Region","2013","2094.1","","million cubic metres"
"China, Hong Kong Special Administrative Region","2012","812.3","","million cubic metres"
"China, Hong Kong Special Administrative Region","2011","283.8","","million cubic metres"
"China, Hong Kong Special Administrative Region","2010","1271.0","","million cubic metres"
"China, Hong Kong Special Administrative Region","2009","889.9","","million cubic metres"
"China, Hong Kong Special Administrative Region","2008","1944.0","","million cubic metres"
"China, Hong Kong Special Administrative Region","2007","338.6","","million cubic metres"
"China, Hong Kong Special Administrative Region","2006","1674.8","","million cubic metres"
"China, Hong Kong Special Administrative Region","2005","2353.1","","million cubic metres"
"China, Hong Kong Special Administrative Region","2004","589.9","","million cubic metres"
"China, Hong Kong Special Administrative Region","2003","1077.2","","million cubic metres"
"China, Hong Kong Special Administrative Region","2002","1666.1","","million cubic metres"
"China, Hong Kong Special Administrative Region","2001","2269.3","","million cubic metres"
"China, Hong Kong Special Administrative Region","2000","1886.3","","million cubic metres"
"China, Hong Kong Special Administrative Region","1999","1441.3","","million cubic metres"
"China, Hong Kong Special Administrative Region","1998","1966.2","","million cubic metres"
"China, Hong Kong Special Administrative Region","1997","2536.8","","million cubic metres"
"China, Hong Kong Special Administrative Region","1996","1471.6","","million cubic metres"
"China, Hong Kong Special Administrative Region","1995","1996.5","","million cubic metres"
"China, Hong Kong Special Administrative Region","1990","1242.3","","million cubic metres"
"China, Hong Kong Special Administrative Region","0","1467.1","","million cubic metres"
"Colombia","2016","9.5","","million cubic metres"
"Colombia","2015","3.9","","million cubic metres"
"Colombia","2014","4.8","","million cubic metres"
"Costa Rica","2017","109827.5","","million cubic metres"
"Costa Rica","2016","104994.5","","million cubic metres"
"Costa Rica","2015","106960.0","","million cubic metres"
"Costa Rica","2014","112310.9","","million cubic metres"
"Costa Rica","2013","96054.0","","million cubic metres"
"Costa Rica","2012","95862.8","","million cubic metres"
"Costa Rica","2011","110256.0","","million cubic metres"
"Costa Rica","2010","136020.6","","million cubic metres"
"Costa Rica","2009","106538.5","","million cubic metres"
"Costa Rica","2008","121639.8","","million cubic metres"
"Costa Rica","2007","119087.4","","million cubic metres"
"Costa Rica","2006","104074.7","","million cubic metres"
"Costa Rica","2005","111939.1","","million cubic metres"
"Costa Rica","2004","117158.3","","million cubic metres"
"Costa Rica","2003","114064.4","","million cubic metres"
"Costa Rica","2002","109144.1","","million cubic metres"
"Costa Rica","2001","109980.9","","million cubic metres"
"Costa Rica","0","110936.1","","million cubic metres"
"Croatia","2017","22960.0","","million cubic metres"
"Croatia","2016","25018.0","","million cubic metres"
"Croatia","2015","22560.0","2","million cubic metres"
"Croatia","2014","30965.0","2","million cubic metres"
"Croatia","2013","22118.0","2","million cubic metres"
"Croatia","2012","23018.0","2","million cubic metres"
"Croatia","2011","27080.0","","million cubic metres"
"Croatia","2007","16209.0","","million cubic metres"
"Croatia","2006","13080.0","","million cubic metres"
"Croatia","2005","24923.0","","million cubic metres"
"Croatia","2004","26537.0","","million cubic metres"
"Croatia","2003","6873.0","","million cubic metres"
"Croatia","2002","24785.0","","million cubic metres"
"Croatia","2001","21599.0","","million cubic metres"
"Croatia","2000","12194.0","","million cubic metres"
"Croatia","1995","30363.0","","million cubic metres"
"Croatia","1990","13695.0","","million cubic metres"
"Croatia","0","22560.0","","million cubic metres"
"Cuba","2017","66910.0","","million cubic metres"
"Cuba","2016","45692.0","","million cubic metres"
"Cuba","2015","44246.0","","million cubic metres"
"Cuba","2014","49885.0","","million cubic metres"
"Cuba","2013","51731.0","","million cubic metres"
"Cuba","2012","59446.0","","million cubic metres"
"Cuba","2011","45386.0","","million cubic metres"
"Cuba","2010","48435.0","","million cubic metres"
"Cuba","2009","32920.0","","million cubic metres"
"Cuba","2008","57021.0","","million cubic metres"
"Cuba","2007","74580.0","","million cubic metres"
"Cuba","2006","51987.0","","million cubic metres"
"Cuba","2005","64761.0","","million cubic metres"
"Cuba","2004","24592.0","","million cubic metres"
"Cuba","0","38144.0","","million cubic metres"
"Cyprus","2017","196.0","","million cubic metres"
"Cyprus","2016","258.0","","million cubic metres"
"Cyprus","2015","290.0","","million cubic metres"
"Cyprus","2014","236.0","","million cubic metres"
"Cyprus","2013","177.0","","million cubic metres"
"Cyprus","2012","474.0","","million cubic metres"
"Cyprus","2011","335.0","","million cubic metres"
"Cyprus","2010","257.0","","million cubic metres"
"Cyprus","2009","374.0","","million cubic metres"
"Cyprus","2008","165.0","","million cubic metres"
"Cyprus","2007","277.0","","million cubic metres"
"Cyprus","2006","233.0","","million cubic metres"
"Cyprus","2005","230.0","","million cubic metres"
"Cyprus","2004","323.0","","million cubic metres"
"Cyprus","2003","321.0","","million cubic metres"
"Cyprus","2002","284.0","","million cubic metres"
"Cyprus","2001","321.0","","million cubic metres"
"Cyprus","2000","342.0","","million cubic metres"
"Cyprus","1999","386.0","","million cubic metres"
"Cyprus","1998","497.0","","million cubic metres"
"Cyprus","1997","515.0","","million cubic metres"
"Cyprus","1996","759.0","","million cubic metres"
"Cyprus","1994","800.0","","million cubic metres"
"Cyprus","1993","393.0","","million cubic metres"
"Cyprus","1992","600.0","","million cubic metres"
"Cyprus","1991","733.0","","million cubic metres"
"Cyprus","0","321.0","","million cubic metres"
"Czechia","2017","14167.0","","million cubic metres"
"Czechia","2016","11348.0","","million cubic metres"
"Czechia","2015","9622.0","","million cubic metres"
"Czechia","2014","8123.0","","million cubic metres"
"Czechia","2013","19040.0","1","million cubic metres"
"Czechia","2012","12573.0","1","million cubic metres"
"Czechia","2011","13500.0","1","million cubic metres"
"Czechia","2010","24341.0","","million cubic metres"
"Czechia","2009","11220.0","","million cubic metres"
"Czechia","2008","10416.0","","million cubic metres"
"Czechia","2007","13350.0","","million cubic metres"
"Czechia","2006","18220.0","","million cubic metres"
"Czechia","2005","14858.0","","million cubic metres"
"Czechia","2004","12156.0","","million cubic metres"
"Czechia","2003","11376.0","","million cubic metres"
"Czechia","2002","22765.0","","million cubic metres"
"Czechia","2001","15567.0","","million cubic metres"
"Czechia","2000","14380.0","","million cubic metres"
"Czechia","1999","13910.0","","million cubic metres"
"Czechia","1998","13403.0","","million cubic metres"
"Czechia","1997","17950.0","","million cubic metres"
"Czechia","1996","17429.0","","million cubic metres"
"Czechia","1995","17564.0","","million cubic metres"
"Czechia","1994","14604.0","","million cubic metres"
"Czechia","1993","9599.0","","million cubic metres"
"Czechia","1992","12027.0","","million cubic metres"
"Czechia","1991","9084.0","","million cubic metres"
"Czechia","1990","9594.0","","million cubic metres"
"Czechia","0","15237.0","","million cubic metres"
"Denmark","1999","22588.0","","million cubic metres"
"Denmark","1998","24117.0","","million cubic metres"
"Denmark","1997","10480.0","","million cubic metres"
"Denmark","1996","5552.0","","million cubic metres"
"Denmark","1995","10108.0","","million cubic metres"
"Denmark","1994","7949.0","","million cubic metres"
"Denmark","1993","6848.0","","million cubic metres"
"Denmark","1992","11582.0","","million cubic metres"
"Denmark","1991","13548.0","","million cubic metres"
"Denmark","1990","18360.0","","million cubic metres"
"Denmark","0","16340.0","","million cubic metres"
"Dominican Republic","2000","3501.6","","million cubic metres"
"Dominican Republic","0","22000.0","","million cubic metres"
"Ecuador","2008","170909.2","","million cubic metres"
"Ecuador","2007","98682.9","","million cubic metres"
"Ecuador","2006","97432.8","","million cubic metres"
"Ecuador","2005","52853.1","","million cubic metres"
"Ecuador","2004","53009.5","","million cubic metres"
"Ecuador","2003","84259.0","","million cubic metres"
"Ecuador","2002","122325.9","","million cubic metres"
"Ecuador","2001","97546.5","","million cubic metres"
"Ecuador","2000","96859.9","","million cubic metres"
"Ecuador","1999","157154.6","","million cubic metres"
"Ecuador","1998","56448.1","","million cubic metres"
"Ecuador","1997","145385.4","","million cubic metres"
"Ecuador","1996","89866.4","","million cubic metres"
"Ecuador","1995","86777.7","","million cubic metres"
"Ecuador","1990","34465.4","","million cubic metres"
"Ecuador","0","283980.0","","million cubic metres"
"Egypt","2015","1300.0","","million cubic metres"
"Egypt","2009","1300.0","","million cubic metres"
"Egypt","2008","1300.0","","million cubic metres"
"Egypt","2007","1300.0","","million cubic metres"
"Egypt","2006","1300.0","","million cubic metres"
"Egypt","2005","1300.0","","million cubic metres"
"Egypt","2004","1300.0","","million cubic metres"
"Egypt","2003","1300.0","","million cubic metres"
"El Salvador","2019","10258.3","","million cubic metres"
"El Salvador","2018","8170.2","","million cubic metres"
"El Salvador","2017","14886.1","","million cubic metres"
"El Salvador","2016","6223.2","","million cubic metres"
"El Salvador","2015","8237.7","","million cubic metres"
"El Salvador","2014","9890.2","","million cubic metres"
"El Salvador","2013","10610.5","","million cubic metres"
"El Salvador","2012","11231.1","","million cubic metres"
"El Salvador","2011","22208.1","","million cubic metres"
"El Salvador","2010","24061.1","","million cubic metres"
"El Salvador","2009","12578.0","","million cubic metres"
"El Salvador","2008","17825.3","","million cubic metres"
"El Salvador","2007","13739.1","","million cubic metres"
"El Salvador","2006","17177.8","","million cubic metres"
"El Salvador","2005","21507.1","","million cubic metres"
"El Salvador","2004","11350.1","","million cubic metres"
"El Salvador","2003","13767.9","","million cubic metres"
"El Salvador","2002","12560.5","","million cubic metres"
"El Salvador","2001","9421.9","","million cubic metres"
"El Salvador","2000","13259.9","","million cubic metres"
"El Salvador","1999","16296.7","","million cubic metres"
"El Salvador","1998","22766.8","","million cubic metres"
"El Salvador","1997","9795.6","","million cubic metres"
"El Salvador","1996","19463.9","","million cubic metres"
"El Salvador","1995","18821.7","","million cubic metres"
"El Salvador","1990","13706.2","","million cubic metres"
"El Salvador","0","14245.2","","million cubic metres"
"Estonia","2013","9357.0","1","million cubic metres"
"Estonia","2012","20385.0","1","million cubic metres"
"Estonia","2011","30371.0","","million cubic metres"
"Estonia","2007","31431.0","","million cubic metres"
"Estonia","2006","7635.0","","million cubic metres"
"Estonia","2005","28986.0","","million cubic metres"
"Estonia","1999","12520.0","","million cubic metres"
"Estonia","1998","13468.0","","million cubic metres"
"Estonia","1997","10898.0","","million cubic metres"
"Estonia","1996","7874.0","","million cubic metres"
"Estonia","1995","13249.0","","million cubic metres"
"Estonia","1990","17896.0","","million cubic metres"
"Estonia","0","12347.0","","million cubic metres"
"Finland","2017","123928.0","","million cubic metres"
"Finland","2016","123213.0","","million cubic metres"
"Finland","2015","145325.0","","million cubic metres"
"Finland","2014","97130.0","","million cubic metres"
"Finland","2013","106797.0","","million cubic metres"
"Finland","2012","153575.0","","million cubic metres"
"Finland","2011","123552.0","","million cubic metres"
"Finland","2010","103123.0","","million cubic metres"
"Finland","2009","88022.0","","million cubic metres"
"Finland","2008","147805.0","","million cubic metres"
"Finland","2007","96000.0","","million cubic metres"
"Finland","2006","103417.0","","million cubic metres"
"Finland","2005","116000.0","","million cubic metres"
"Finland","2004","135000.0","","million cubic metres"
"Finland","2003","84000.0","","million cubic metres"
"Finland","2002","78000.0","","million cubic metres"
"Finland","2001","87000.0","","million cubic metres"
"Finland","2000","117000.0","","million cubic metres"
"Finland","1999","95600.0","","million cubic metres"
"Finland","1998","130000.0","","million cubic metres"
"Finland","1997","87000.0","","million cubic metres"
"Finland","1996","100000.0","","million cubic metres"
"Finland","1995","105000.0","","million cubic metres"
"Finland","1994","98000.0","","million cubic metres"
"Finland","1993","80000.0","","million cubic metres"
"Finland","1992","149000.0","","million cubic metres"
"Finland","1991","137000.0","","million cubic metres"
"Finland","1990","88000.0","","million cubic metres"
"Finland","0","107000.0","","million cubic metres"
"France","2017","152986.0","","million cubic metres"
"France","2016","217263.0","","million cubic metres"
"France","2015","125486.0","","million cubic metres"
"France","2014","235527.0","","million cubic metres"
"France","2013","265305.0","","million cubic metres"
"France","2012","199737.0","","million cubic metres"
"France","2011","126246.0","","million cubic metres"
"France","2010","201217.0","","million cubic metres"
"France","2009","159005.0","","million cubic metres"
"France","2008","203835.0","","million cubic metres"
"France","2007","509244.0","","million cubic metres"
"France","2006","509886.0","","million cubic metres"
"France","2005","76355.0","","million cubic metres"
"France","2004","147466.0","","million cubic metres"
"France","2003","84880.0","","million cubic metres"
"France","2002","194904.0","","million cubic metres"
"France","2001","212667.0","","million cubic metres"
"France","2000","223690.0","","million cubic metres"
"France","1999","239361.5","","million cubic metres"
"France","1998","181597.6","","million cubic metres"
"France","1997","127723.3","","million cubic metres"
"France","1996","195501.6","","million cubic metres"
"France","1995","212792.0","","million cubic metres"
"France","1994","291991.0","","million cubic metres"
"France","1993","162825.0","","million cubic metres"
"France","1992","140929.1","","million cubic metres"
"France","1991","139983.0","","million cubic metres"
"France","1990","154461.0","","million cubic metres"
"France","0","179950.0","","million cubic metres"
"Gambia","2009","4807.4","","million cubic metres"
"Gambia","2008","-1798.5","3","million cubic metres"
"Gambia","2007","-6795.6","3","million cubic metres"
"Gambia","2006","-6741.0","3","million cubic metres"
"Gambia","2005","-759.0","3","million cubic metres"
"Gambia","2004","-2922.0","3","million cubic metres"
"Gambia","2003","-3021.0","3","million cubic metres"
"Gambia","2002","-7130.0","3","million cubic metres"
"Gambia","2001","-4274.0","3","million cubic metres"
"Gambia","2000","-3549.0","3","million cubic metres"
"Gambia","1999","-79.0","3","million cubic metres"
"Gambia","1995","-4373.0","3","million cubic metres"
"Gambia","1990","-4698.0","3","million cubic metres"
"Gambia","0","-3046.3","3","million cubic metres"
"Georgia","2021","47680.4","","million cubic metres"
"Georgia","2020","35903.1","","million cubic metres"
"Georgia","2019","30157.1","","million cubic metres"
"Georgia","2018","43762.2","","million cubic metres"
"Georgia","2017","46254.3","","million cubic metres"
"Georgia","2016","51360.3","","million cubic metres"
"Georgia","2015","42453.3","","million cubic metres"
"Georgia","2014","42367.0","","million cubic metres"
"Georgia","2013","46893.7","","million cubic metres"
"Georgia","2012","44322.5","","million cubic metres"
"Georgia","2011","46628.3","","million cubic metres"
"Georgia","2010","45790.5","","million cubic metres"
"Georgia","2009","49557.0","","million cubic metres"
"Georgia","2008","42912.0","","million cubic metres"
"Georgia","2007","31586.0","","million cubic metres"
"Georgia","2006","42793.0","","million cubic metres"
"Georgia","2005","49192.0","","million cubic metres"
"Georgia","2004","47269.0","","million cubic metres"
"Georgia","2003","45970.0","","million cubic metres"
"Georgia","2002","52450.0","","million cubic metres"
"Georgia","2001","40110.0","","million cubic metres"
"Georgia","2000","38712.0","","million cubic metres"
"Georgia","1999","40310.0","","million cubic metres"
"Georgia","1998","32797.0","","million cubic metres"
"Georgia","1997","40166.0","","million cubic metres"
"Georgia","1996","35647.0","","million cubic metres"
"Georgia","1995","34664.0","","million cubic metres"
"Georgia","1990","47375.0","","million cubic metres"
"Georgia","0","46845.0","","million cubic metres"
"Germany","2015","72000.0","","million cubic metres"
"Germany","2014","67000.0","","million cubic metres"
"Germany","2013","101000.0","","million cubic metres"
"Germany","2012","94000.0","","million cubic metres"
"Germany","2011","75000.0","","million cubic metres"
"Germany","2010","118000.0","","million cubic metres"
"Germany","2009","103000.0","","million cubic metres"
"Germany","2008","97000.0","","million cubic metres"
"Germany","2007","135000.0","","million cubic metres"
"Germany","2006","77000.0","","million cubic metres"
"Germany","2005","88000.0","","million cubic metres"
"Germany","2004","109000.0","","million cubic metres"
"Germany","2003","44000.0","","million cubic metres"
"Germany","2002","178000.0","","million cubic metres"
"Germany","2001","156000.0","","million cubic metres"
"Germany","2000","122000.0","","million cubic metres"
"Germany","1999","128000.0","","million cubic metres"
"Germany","1998","143000.0","","million cubic metres"
"Germany","1997","84000.0","","million cubic metres"
"Germany","1996","72000.0","","million cubic metres"
"Germany","1995","139000.0","","million cubic metres"
"Germany","1994","142000.0","","million cubic metres"
"Germany","1993","133000.0","","million cubic metres"
"Germany","1992","115000.0","","million cubic metres"
"Germany","1991","72000.0","","million cubic metres"
"Germany","1990","104000.0","","million cubic metres"
"Germany","0","117000.0","","million cubic metres"
"Greece","0","60000.0","","million cubic metres"
"Hungary","2017","5267.0","","million cubic metres"
"Hungary","2016","9781.0","","million cubic metres"
"Hungary","2015","868.0","","million cubic metres"
"Hungary","2014","11148.0","","million cubic metres"
"Hungary","2013","8277.0","","million cubic metres"
"Hungary","2012","-558.0","","million cubic metres"
"Hungary","2011","-2046.0","","million cubic metres"
"Hungary","2010","27435.0","","million cubic metres"
"Hungary","2009","5580.0","","million cubic metres"
"Hungary","2008","4443.0","","million cubic metres"
"Hungary","2007","5300.0","","million cubic metres"
"Hungary","2006","4930.0","","million cubic metres"
"Hungary","2005","16275.0","","million cubic metres"
"Hungary","2004","11710.0","","million cubic metres"
"Hungary","2003","0.0","","million cubic metres"
"Hungary","2002","2883.0","","million cubic metres"
"Hungary","2001","6417.0","","million cubic metres"
"Hungary","2000","-2325.0","","million cubic metres"
"Hungary","1999","19000.0","","million cubic metres"
"Hungary","1998","14000.0","","million cubic metres"
"Hungary","1997","3700.0","","million cubic metres"
"Hungary","1996","8900.0","","million cubic metres"
"Hungary","1995","11346.0","","million cubic metres"
"Hungary","1994","-5770.0","","million cubic metres"
"Hungary","1993","2043.0","","million cubic metres"
"Hungary","1992","-2139.0","","million cubic metres"
"Hungary","1991","5300.0","","million cubic metres"
"Hungary","1990","1023.0","","million cubic metres"
"Hungary","0","7533.0","","million cubic metres"
"Iceland","2014","175903.0","","million cubic metres"
"Iceland","2013","156393.0","","million cubic metres"
"Iceland","2012","150926.0","","million cubic metres"
"Iceland","2011","172947.0","","million cubic metres"
"Iceland","2010","122733.0","","million cubic metres"
"Iceland","2009","158627.0","","million cubic metres"
"Iceland","2008","145361.0","","million cubic metres"
"Iceland","2007","163905.0","","million cubic metres"
"Iceland","2006","164326.0","","million cubic metres"
"Iceland","2005","135151.0","","million cubic metres"
"Iceland","0","170000.0","","million cubic metres"
"Iraq","2020","-1355.0","","million cubic metres"
"Iraq","2019","-14335.0","","million cubic metres"
"Iraq","2018","6916.0","","million cubic metres"
"Iraq","2017","5509.0","","million cubic metres"
"Iraq","2016","3048.0","","million cubic metres"
"Iraq","2015","9911.0","","million cubic metres"
"Iraq","2014","11683.0","","million cubic metres"
"Iraq","2013","8989.0","","million cubic metres"
"Iraq","2012","12532.0","","million cubic metres"
"Iraq","2011","32070.0","","million cubic metres"
"Iraq","2008","54921.0","","million cubic metres"
"Iraq","2007","64801.0","","million cubic metres"
"Iraq","2006","96636.0","","million cubic metres"
"Iraq","2005","59980.0","","million cubic metres"
"Iraq","2004","75050.0","","million cubic metres"
"Iraq","2003","89644.0","","million cubic metres"
"Iraq","2002","96636.0","","million cubic metres"
"Iraq","2001","75485.0","","million cubic metres"
"Iraq","2000","92423.0","","million cubic metres"
"Iraq","1999","78221.0","","million cubic metres"
"Iraq","1998","92206.0","","million cubic metres"
"Iraq","1997","134639.0","","million cubic metres"
"Ireland","2017","48844.0","","million cubic metres"
"Ireland","2016","44541.0","","million cubic metres"
"Ireland","2015","67546.0","","million cubic metres"
"Ireland","2014","59691.0","","million cubic metres"
"Ireland","2013","46138.0","","million cubic metres"
"Ireland","2012","53430.0","","million cubic metres"
"Ireland","2011","51875.0","","million cubic metres"
"Ireland","2010","39966.0","","million cubic metres"
"Ireland","2009","66468.0","","million cubic metres"
"Ireland","2008","61349.0","","million cubic metres"
"Ireland","2007","41399.0","","million cubic metres"
"Ireland","2006","53775.0","","million cubic metres"
"Ireland","2005","42548.0","","million cubic metres"
"Ireland","2004","43879.0","","million cubic metres"
"Ireland","2003","33292.0","","million cubic metres"
"Ireland","2002","63303.0","","million cubic metres"
"Ireland","2001","33017.0","","million cubic metres"
"Ireland","2000","54651.0","","million cubic metres"
"Ireland","1999","55150.1","","million cubic metres"
"Ireland","1998","58864.4","","million cubic metres"
"Ireland","1997","45880.9","","million cubic metres"
"Ireland","1996","45631.8","","million cubic metres"
"Ireland","1995","49806.0","","million cubic metres"
"Ireland","1994","58666.5","","million cubic metres"
"Ireland","1993","49700.4","","million cubic metres"
"Ireland","1992","46500.2","","million cubic metres"
"Ireland","1991","43064.8","","million cubic metres"
"Ireland","1990","51636.0","","million cubic metres"
"Ireland","0","49324.0","","million cubic metres"
"Israel","0","1960.0","","million cubic metres"
"Italy","2013","0.0","","million cubic metres"
"Italy","2012","0.0","","million cubic metres"
"Italy","2011","0.0","","million cubic metres"
"Italy","2010","151195.0","","million cubic metres"
"Italy","2009","123601.0","","million cubic metres"
"Italy","2008","111842.0","","million cubic metres"
"Italy","2007","48374.0","","million cubic metres"
"Italy","2006","56258.0","","million cubic metres"
"Italy","2005","101418.0","","million cubic metres"
"Italy","2004","122124.0","","million cubic metres"
"Italy","2003","89089.0","","million cubic metres"
"Italy","2002","105256.0","","million cubic metres"
"Italy","2001","59505.0","","million cubic metres"
"Italy","2000","89541.0","","million cubic metres"
"Italy","1990","164000.0","","million cubic metres"
"Italy","0","85297.0","","million cubic metres"
"Jamaica","2005","11029.0","","million cubic metres"
"Jamaica","1990","9267.0","","million cubic metres"
"Japan","0","414.0","","million cubic metres"
"Jordan","2021","354.5","","million cubic metres"
"Jordan","2020","737.6","","million cubic metres"
"Jordan","2019","697.0","","million cubic metres"
"Jordan","2018","1398.0","","million cubic metres"
"Jordan","2017","529.0","","million cubic metres"
"Jordan","2016","711.0","","million cubic metres"
"Jordan","2015","730.0","","million cubic metres"
"Jordan","2014","411.0","","million cubic metres"
"Jordan","2013","431.0","","million cubic metres"
"Jordan","2012","408.3","","million cubic metres"
"Jordan","2011","404.2","","million cubic metres"
"Jordan","2010","635.4","","million cubic metres"
"Jordan","2009","476.1","","million cubic metres"
"Jordan","2008","324.3","","million cubic metres"
"Jordan","2007","482.0","","million cubic metres"
"Jordan","2006","445.0","","million cubic metres"
"Jordan","2005","633.0","","million cubic metres"
"Jordan","2004","400.5","","million cubic metres"
"Jordan","2003","682.0","","million cubic metres"
"Jordan","2002","533.2","","million cubic metres"
"Jordan","2001","313.0","","million cubic metres"
"Jordan","0","609.0","","million cubic metres"
"Kazakhstan","2019","65100.0","","million cubic metres"
"Kazakhstan","2018","54500.0","","million cubic metres"
"Kazakhstan","2017","64000.0","","million cubic metres"
"Kazakhstan","2016","105000.0","","million cubic metres"
"Kazakhstan","2015","71400.0","","million cubic metres"
"Kazakhstan","2014","61200.0","","million cubic metres"
"Kazakhstan","2013","94590.0","","million cubic metres"
"Kazakhstan","2012","43710.0","","million cubic metres"
"Kazakhstan","2011","53800.0","","million cubic metres"
"Kazakhstan","2010","106330.0","","million cubic metres"
"Kazakhstan","2009","73800.0","","million cubic metres"
"Kazakhstan","2008","50300.0","4","million cubic metres"
"Kazakhstan","2007","64900.0","4","million cubic metres"
"Kazakhstan","2006","55800.0","4","million cubic metres"
"Kazakhstan","2005","71700.0","4","million cubic metres"
"Kazakhstan","2004","68300.0","4","million cubic metres"
"Kazakhstan","2003","65100.0","4","million cubic metres"
"Kuwait","2021","24.1","","million cubic metres"
"Kuwait","2020","107.3","","million cubic metres"
"Kuwait","2019","61.9","","million cubic metres"
"Kuwait","2018","336.9","","million cubic metres"
"Kuwait","2017","45.3","","million cubic metres"
"Kuwait","2016","82.9","","million cubic metres"
"Kuwait","2015","93.0","","million cubic metres"
"Kuwait","2014","65.4","","million cubic metres"
"Kuwait","2013","110.8","","million cubic metres"
"Kuwait","2012","122.3","","million cubic metres"
"Kuwait","2011","75.9","","million cubic metres"
"Kuwait","2010","25.4","","million cubic metres"
"Kuwait","2009","108.0","","million cubic metres"
"Kuwait","2008","28.7","","million cubic metres"
"Kuwait","2007","95.4","","million cubic metres"
"Kyrgyzstan","2009","28506.0","","million cubic metres"
"Kyrgyzstan","2008","21482.2","","million cubic metres"
"Kyrgyzstan","2007","21987.3","","million cubic metres"
"Kyrgyzstan","2006","18673.5","","million cubic metres"
"Kyrgyzstan","2005","21266.0","","million cubic metres"
"Kyrgyzstan","2004","21672.1","","million cubic metres"
"Kyrgyzstan","2003","24288.4","","million cubic metres"
"Kyrgyzstan","2002","29964.2","","million cubic metres"
"Kyrgyzstan","2001","22952.9","","million cubic metres"
"Kyrgyzstan","2000","22360.2","","million cubic metres"
"Kyrgyzstan","1999","22164.0","","million cubic metres"
"Kyrgyzstan","1998","32335.0","","million cubic metres"
"Kyrgyzstan","1997","24460.0","","million cubic metres"
"Kyrgyzstan","1996","26303.0","","million cubic metres"
"Kyrgyzstan","1995","25035.0","","million cubic metres"
"Kyrgyzstan","1990","34144.0","","million cubic metres"
"Kyrgyzstan","0","33248.0","","million cubic metres"
"Latvia","2017","22285.0","","million cubic metres"
"Latvia","2016","29702.0","","million cubic metres"
"Latvia","2015","18687.0","","million cubic metres"
"Latvia","2014","27317.0","","million cubic metres"
"Latvia","2013","20227.0","","million cubic metres"
"Latvia","2012","24287.0","","million cubic metres"
"Latvia","2011","14644.0","","million cubic metres"
"Latvia","2010","30223.0","","million cubic metres"
"Latvia","2009","21160.0","","million cubic metres"
"Latvia","2008","19711.0","","million cubic metres"
"Latvia","2007","22334.0","","million cubic metres"
"Latvia","2006","8497.0","","million cubic metres"
"Latvia","2005","11901.0","","million cubic metres"
"Latvia","2004","14440.0","","million cubic metres"
"Latvia","2003","31389.0","","million cubic metres"
"Latvia","2002","25892.0","","million cubic metres"
"Latvia","2001","20210.0","","million cubic metres"
"Latvia","2000","18370.0","","million cubic metres"
"Latvia","1999","15384.0","","million cubic metres"
"Latvia","1998","25800.5","","million cubic metres"
"Latvia","1997","23517.0","","million cubic metres"
"Latvia","1996","15280.0","","million cubic metres"
"Latvia","1995","20084.0","","million cubic metres"
"Latvia","1994","21680.0","","million cubic metres"
"Latvia","1993","17580.0","","million cubic metres"
"Latvia","1992","21280.0","","million cubic metres"
"Latvia","1991","20220.0","","million cubic metres"
"Latvia","1990","27591.0","","million cubic metres"
"Latvia","0","16901.0","","million cubic metres"
"Lebanon","2009","4100.0","","million cubic metres"
"Lebanon","2000","4300.0","","million cubic metres"
"Lebanon","1999","4100.0","","million cubic metres"
"Lithuania","2017","21818.0","","million cubic metres"
"Lithuania","2016","24300.0","","million cubic metres"
"Lithuania","2015","13442.0","","million cubic metres"
"Lithuania","2014","16479.0","","million cubic metres"
"Lithuania","2013","10193.0","","million cubic metres"
"Lithuania","2012","20056.0","","million cubic metres"
"Lithuania","2011","16854.0","","million cubic metres"
"Lithuania","2010","17751.0","","million cubic metres"
"Lithuania","2009","11438.0","","million cubic metres"
"Lithuania","2008","14225.0","","million cubic metres"
"Lithuania","2007","18844.0","","million cubic metres"
"Lithuania","2006","10104.0","","million cubic metres"
"Lithuania","2005","15690.0","","million cubic metres"
"Lithuania","2004","16530.0","","million cubic metres"
"Lithuania","2003","9981.0","","million cubic metres"
"Lithuania","2002","16793.0","","million cubic metres"
"Lithuania","2001","18408.0","","million cubic metres"
"Lithuania","2000","16786.0","","million cubic metres"
"Lithuania","1999","16786.0","","million cubic metres"
"Lithuania","1998","20981.0","","million cubic metres"
"Lithuania","1997","12805.0","","million cubic metres"
"Lithuania","1996","10534.0","","million cubic metres"
"Lithuania","1995","17568.0","","million cubic metres"
"Lithuania","1994","21293.0","","million cubic metres"
"Lithuania","1993","14594.0","","million cubic metres"
"Lithuania","1992","13177.0","","million cubic metres"
"Lithuania","1991","14179.0","","million cubic metres"
"Lithuania","1990","20354.0","","million cubic metres"
"Lithuania","0","13854.0","","million cubic metres"
"Luxembourg","2011","1508.0","","million cubic metres"
"Luxembourg","2010","1918.0","","million cubic metres"
"Luxembourg","2009","927.0","","million cubic metres"
"Luxembourg","2008","1037.0","","million cubic metres"
"Luxembourg","1999","870.0","","million cubic metres"
"Luxembourg","1995","961.0","","million cubic metres"
"Luxembourg","1994","857.0","","million cubic metres"
"Luxembourg","1993","1010.0","","million cubic metres"
"Luxembourg","1992","1021.0","","million cubic metres"
"Luxembourg","1991","738.0","","million cubic metres"
"Luxembourg","1990","1003.0","","million cubic metres"
"Luxembourg","0","905.0","","million cubic metres"
"Madagascar","2007","337000.0","","million cubic metres"
"Madagascar","2000","337000.0","","million cubic metres"
"Madagascar","1998","337000.0","","million cubic metres"
"Mali","2020","75295.0","","million cubic metres"
"Mali","2019","68290.0","","million cubic metres"
"Mali","2018","70850.0","","million cubic metres"
"Mali","2017","68633.0","","million cubic metres"
"Mali","2016","68700.0","","million cubic metres"
"Mali","2015","68167.0","","million cubic metres"
"Mali","2014","68167.0","","million cubic metres"
"Mali","2013","68167.0","","million cubic metres"
"Mali","2012","68167.0","","million cubic metres"
"Mali","2011","68167.0","","million cubic metres"
"Mali","2010","54214.0","","million cubic metres"
"Mali","2009","54214.0","","million cubic metres"
"Mali","2008","54214.0","","million cubic metres"
"Mali","2007","54214.0","","million cubic metres"
"Mali","2006","54214.0","","million cubic metres"
"Mali","2005","54214.0","","million cubic metres"
"Mali","2004","54214.0","","million cubic metres"
"Mali","1990","54214.0","","million cubic metres"
"Malta","2017","69.0","","million cubic metres"
"Malta","2016","51.0","","million cubic metres"
"Malta","2015","88.0","","million cubic metres"
"Malta","2014","79.0","","million cubic metres"
"Malta","2013","75.0","","million cubic metres"
"Malta","2012","81.0","","million cubic metres"
"Malta","2011","105.0","","million cubic metres"
"Malta","2010","91.0","","million cubic metres"
"Malta","2009","117.0","","million cubic metres"
"Malta","2008","86.0","","million cubic metres"
"Malta","2007","107.0","","million cubic metres"
"Malta","2006","93.0","","million cubic metres"
"Malta","2005","87.0","","million cubic metres"
"Malta","2004","79.0","","million cubic metres"
"Malta","2003","151.0","","million cubic metres"
"Malta","2002","76.0","","million cubic metres"
"Malta","2001","57.0","","million cubic metres"
"Malta","2000","76.0","","million cubic metres"
"Malta","1999","116.9","","million cubic metres"
"Malta","1998","55.9","","million cubic metres"
"Malta","1997","145.5","","million cubic metres"
"Malta","1996","101.4","","million cubic metres"
"Malta","1995","113.0","","million cubic metres"
"Malta","1994","107.8","","million cubic metres"
"Malta","1993","76.9","","million cubic metres"
"Malta","1992","79.8","","million cubic metres"
"Malta","1991","90.1","","million cubic metres"
"Malta","1990","98.0","","million cubic metres"
"Malta","0","84.0","","million cubic metres"
"Mauritius","2021","2778.0","","million cubic metres"
"Mauritius","2020","2731.0","5","million cubic metres"
"Mauritius","2019","2987.0","5","million cubic metres"
"Mauritius","2018","3299.0","5","million cubic metres"
"Mauritius","2017","2829.0","5","million cubic metres"
"Mauritius","2016","2525.0","5","million cubic metres"
"Mauritius","2015","3340.0","5","million cubic metres"
"Mauritius","2014","2611.0","5","million cubic metres"
"Mauritius","2013","2584.0","5","million cubic metres"
"Mauritius","2012","2199.0","5","million cubic metres"
"Mauritius","2011","2307.0","5","million cubic metres"
"Mauritius","2010","2749.0","5","million cubic metres"
"Mauritius","2009","2949.0","5","million cubic metres"
"Mauritius","2008","2925.0","5","million cubic metres"
"Mauritius","2007","2578.0","5","million cubic metres"
"Mauritius","2006","2493.0","5","million cubic metres"
"Mauritius","2005","3361.0","5","million cubic metres"
"Mauritius","2004","2723.0","5","million cubic metres"
"Mauritius","2003","2999.0","","million cubic metres"
"Mauritius","2002","2635.0","","million cubic metres"
"Mauritius","2001","2411.0","","million cubic metres"
"Mauritius","2000","2558.0","","million cubic metres"
"Mauritius","1999","1401.0","6","million cubic metres"
"Mauritius","1998","2703.0","","million cubic metres"
"Mauritius","1997","2558.0","","million cubic metres"
"Mauritius","1996","2411.0","","million cubic metres"
"Mauritius","1995","2866.0","","million cubic metres"
"Mauritius","1990","2241.0","5","million cubic metres"
"Mauritius","0","2590.0","","million cubic metres"
"Mexico","0","403.0","1","million cubic metres"
"Morocco","2021","7120.0","","million cubic metres"
"Morocco","2020","14100.0","","million cubic metres"
"Morocco","2019","11200.0","","million cubic metres"
"Morocco","2018","14300.0","","million cubic metres"
"Morocco","2017","22020.0","","million cubic metres"
"Morocco","2016","16820.0","","million cubic metres"
"Morocco","2015","10400.0","","million cubic metres"
"Morocco","2014","24500.0","","million cubic metres"
"Morocco","2013","12000.0","","million cubic metres"
"Morocco","2012","29000.0","","million cubic metres"
"Morocco","2011","11500.0","","million cubic metres"
"Morocco","2010","24000.0","","million cubic metres"
"Morocco","2009","39000.0","","million cubic metres"
"Morocco","2008","44000.0","","million cubic metres"
"Morocco","2007","22000.0","","million cubic metres"
"Morocco","1999","41325.0","","million cubic metres"
"Morocco","1995","57130.0","","million cubic metres"
"Morocco","0","22000.0","","million cubic metres"
"Myanmar","0","107400.0","","million cubic metres"
"Nauru","2015","35.5","","million cubic metres"
"Nauru","2014","24.2","","million cubic metres"
"Nauru","2012","12.3","","million cubic metres"
"Nauru","2011","10.3","","million cubic metres"
"Nauru","2010","9.2","","million cubic metres"
"Nauru","2009","18.5","","million cubic metres"
"Nauru","2008","2.9","","million cubic metres"
"Nauru","2007","7.3","","million cubic metres"
"Nauru","2006","17.0","","million cubic metres"
"Nauru","2005","23.3","","million cubic metres"
"Nauru","2004","26.8","","million cubic metres"
"Nauru","1990","26.1","","million cubic metres"
"Nauru","0","17.2","","million cubic metres"
"Netherlands","2017","12446.0","","million cubic metres"
"Netherlands","2016","9233.0","","million cubic metres"
"Netherlands","2015","12367.0","","million cubic metres"
"Netherlands","2014","11650.0","","million cubic metres"
"Netherlands","2013","8804.0","","million cubic metres"
"Netherlands","2012","13159.0","","million cubic metres"
"Netherlands","2011","9025.0","","million cubic metres"
"Netherlands","2010","10222.0","","million cubic metres"
"Netherlands","2009","12874.0","","million cubic metres"
"Netherlands","2008","10871.0","","million cubic metres"
"Netherlands","2007","14645.0","","million cubic metres"
"Netherlands","2006","7736.0","","million cubic metres"
"Netherlands","2005","8792.0","","million cubic metres"
"Netherlands","2004","12195.0","","million cubic metres"
"Netherlands","2003","1197.0","","million cubic metres"
"Netherlands","2002","11340.0","","million cubic metres"
"Netherlands","2001","13880.0","","million cubic metres"
"Netherlands","2000","12850.0","","million cubic metres"
"Netherlands","1999","9980.0","","million cubic metres"
"Netherlands","1998","20600.0","","million cubic metres"
"Netherlands","1997","5070.0","","million cubic metres"
"Netherlands","1996","3860.0","","million cubic metres"
"Netherlands","1995","7620.0","","million cubic metres"
"Netherlands","1993","14008.0","","million cubic metres"
"Netherlands","1992","12852.0","","million cubic metres"
"Netherlands","1991","6052.0","","million cubic metres"
"Netherlands","1990","3860.0","","million cubic metres"
"Netherlands","0","10325.0","","million cubic metres"
"New Zealand","0","447.0","1","million cubic metres"
"Nigeria","0","287000.0","","million cubic metres"
"North Macedonia","2010","20930.0","","million cubic metres"
"North Macedonia","2009","14528.0","","million cubic metres"
"North Macedonia","2008","12999.0","","million cubic metres"
"North Macedonia","2007","15422.0","","million cubic metres"
"North Macedonia","2006","13863.0","","million cubic metres"
"North Macedonia","2005","19174.0","","million cubic metres"
"Norway","2016","203564.0","","million cubic metres"
"Norway","2015","276804.0","","million cubic metres"
"Norway","2014","200627.0","","million cubic metres"
"Norway","2013","240638.0","","million cubic metres"
"Norway","2012","231761.0","","million cubic metres"
"Norway","2011","278187.0","","million cubic metres"
"Norway","2010","159859.0","","million cubic metres"
"Norway","2009","371824.0","","million cubic metres"
"Norway","2004","366818.0","","million cubic metres"
"Norway","2003","353223.0","","million cubic metres"
"Norway","2002","342102.0","","million cubic metres"
"Norway","2001","357063.0","","million cubic metres"
"Norway","2000","453803.0","","million cubic metres"
"Norway","1999","389772.0","","million cubic metres"
"Norway","1998","374337.0","","million cubic metres"
"Norway","1997","405746.0","","million cubic metres"
"Norway","1996","301551.0","","million cubic metres"
"Norway","1995","416260.0","","million cubic metres"
"Norway","0","358671.0","","million cubic metres"
"Oman","2017","3288.0","","million cubic metres"
"Oman","2016","3288.0","","million cubic metres"
"Oman","2015","3288.0","","million cubic metres"
"Oman","2014","3288.0","","million cubic metres"
"Oman","2013","3288.0","","million cubic metres"
"Oman","2012","3288.0","","million cubic metres"
"Oman","2011","3288.0","","million cubic metres"
"Oman","2010","3288.0","","million cubic metres"
"Oman","2009","1295.0","","million cubic metres"
"Oman","2008","1295.0","","million cubic metres"
"Oman","2007","1295.0","","million cubic metres"
"Oman","2006","1295.0","","million cubic metres"
"Oman","2005","1295.0","","million cubic metres"
"Oman","2004","1295.0","","million cubic metres"
"Oman","2003","1295.0","","million cubic metres"
"Oman","2002","1295.0","","million cubic metres"
"Oman","2001","1295.0","","million cubic metres"
"Oman","2000","1295.0","","million cubic metres"
"Oman","1995","1295.0","","million cubic metres"
"Oman","1990","1295.0","","million cubic metres"
"Panama","2021","132583.4","","million cubic metres"
"Panama","2020","133523.4","","million cubic metres"
"Panama","2019","111847.0","","million cubic metres"
"Panama","2018","122473.4","","million cubic metres"
"Panama","2017","130736.1","","million cubic metres"
"Panama","2016","118291.3","","million cubic metres"
"Panama","2015","88837.6","","million cubic metres"
"Panama","2014","105968.6","","million cubic metres"
"Panama","2013","102279.1","","million cubic metres"
"Panama","2012","111663.8","","million cubic metres"
"Panama","2011","133646.0","","million cubic metres"
"Panama","2010","167348.8","","million cubic metres"
"Panama","2009","122344.7","","million cubic metres"
"Panama","2008","129339.2","","million cubic metres"
"Panama","2007","158081.3","","million cubic metres"
"Panama","2006","131329.2","","million cubic metres"
"Panama","2005","138614.1","","million cubic metres"
"Panama","2004","129968.1","","million cubic metres"
"Panama","2003","148626.5","","million cubic metres"
"Panama","2002","118127.1","","million cubic metres"
"Panama","2001","118970.5","","million cubic metres"
"Panama","2000","128100.9","","million cubic metres"
"Panama","1999","130356.0","","million cubic metres"
"Panama","1995","131525.0","","million cubic metres"
"Panama","1990","106473.0","","million cubic metres"
"Panama","0","126220.3","","million cubic metres"
"Paraguay","2017","211603.5","","million cubic metres"
"Paraguay","2016","194343.7","","million cubic metres"
"Paraguay","2015","274915.3","","million cubic metres"
"Paraguay","2014","234877.2","","million cubic metres"
"Paraguay","2013","76459.3","","million cubic metres"
"Paraguay","2012","118858.1","","million cubic metres"
"Paraguay","2011","100599.0","","million cubic metres"
"Paraguay","2010","143824.3","","million cubic metres"
"Paraguay","2009","218709.7","","million cubic metres"
"Paraguay","2008","87963.7","","million cubic metres"
"Paraguay","2007","102657.3","","million cubic metres"
"Paraguay","2006","102991.6","","million cubic metres"
"Paraguay","2005","148240.2","","million cubic metres"
"Paraguay","2004","180500.5","","million cubic metres"
"Paraguay","2003","143636.3","","million cubic metres"
"Paraguay","2002","199372.9","","million cubic metres"
"Paraguay","2001","80162.4","","million cubic metres"
"Paraguay","2000","163845.7","","million cubic metres"
"Paraguay","1999","75436.5","","million cubic metres"
"Paraguay","1998","379231.0","","million cubic metres"
"Paraguay","1997","294287.0","","million cubic metres"
"Paraguay","1996","332906.0","","million cubic metres"
"Paraguay","1995","80071.4","","million cubic metres"
"Paraguay","1990","287476.7","","million cubic metres"
"Paraguay","0","102923.1","","million cubic metres"
"Peru","2020","2347395.0","","million cubic metres"
"Peru","2019","2347395.0","","million cubic metres"
"Peru","2018","2347395.0","","million cubic metres"
"Philippines","0","202818.5","","million cubic metres"
"Poland","2017","54254.0","","million cubic metres"
"Poland","2016","36366.0","","million cubic metres"
"Poland","2015","36024.0","","million cubic metres"
"Poland","2014","45654.0","","million cubic metres"
"Poland","2013","57656.0","","million cubic metres"
"Poland","2012","43648.0","","million cubic metres"
"Poland","2011","66698.0","","million cubic metres"
"Poland","2010","73526.0","","million cubic metres"
"Poland","2009","46619.0","","million cubic metres"
"Poland","2008","46458.0","","million cubic metres"
"Poland","2007","49464.0","","million cubic metres"
"Poland","2006","42297.0","","million cubic metres"
"Poland","2005","48650.0","","million cubic metres"
"Poland","2004","44440.0","","million cubic metres"
"Poland","2003","41901.0","","million cubic metres"
"Poland","2002","59956.0","","million cubic metres"
"Poland","2001","57122.0","","million cubic metres"
"Poland","2000","56283.0","","million cubic metres"
"Poland","1999","70443.7","","million cubic metres"
"Poland","1998","63493.3","","million cubic metres"
"Poland","1997","58572.5","","million cubic metres"
"Poland","1996","53051.5","","million cubic metres"
"Poland","1995","53647.0","","million cubic metres"
"Poland","1994","57413.3","","million cubic metres"
"Poland","1993","42974.8","","million cubic metres"
"Poland","1992","39366.3","","million cubic metres"
"Poland","1991","39790.6","","million cubic metres"
"Poland","1990","38128.0","","million cubic metres"
"Poland","0","52544.0","","million cubic metres"
"Portugal","2017","-4531.0","","million cubic metres"
"Portugal","2016","34189.0","","million cubic metres"
"Portugal","2011","11224.0","","million cubic metres"
"Portugal","2010","16765.0","","million cubic metres"
"Portugal","2009","5237.0","","million cubic metres"
"Portugal","2008","4249.0","","million cubic metres"
"Portugal","2007","14636.0","","million cubic metres"
"Portugal","2006","3071.0","","million cubic metres"
"Portugal","2005","5376.0","","million cubic metres"
"Portugal","2004","8321.0","","million cubic metres"
"Portugal","2003","18763.0","","million cubic metres"
"Portugal","2000","11453.0","","million cubic metres"
"Portugal","1995","4723.0","","million cubic metres"
"Portugal","0","38593.0","","million cubic metres"
"Qatar","2021","14.8","","million cubic metres"
"Qatar","2020","63.0","","million cubic metres"
"Qatar","2019","89.0","","million cubic metres"
"Qatar","2018","99.0","","million cubic metres"
"Qatar","2017","106.0","","million cubic metres"
"Qatar","2016","76.0","","million cubic metres"
"Qatar","2015","107.0","","million cubic metres"
"Qatar","2014","54.0","","million cubic metres"
"Qatar","2013","81.0","","million cubic metres"
"Qatar","2012","46.0","","million cubic metres"
"Qatar","2011","96.0","","million cubic metres"
"Qatar","2010","39.0","","million cubic metres"
"Qatar","2009","101.0","","million cubic metres"
"Qatar","2008","43.0","","million cubic metres"
"Qatar","2007","46.0","","million cubic metres"
"Qatar","2006","164.0","","million cubic metres"
"Qatar","2005","67.0","","million cubic metres"
"Qatar","2004","54.0","","million cubic metres"
"Qatar","2003","89.0","","million cubic metres"
"Qatar","2002","50.0","","million cubic metres"
"Qatar","2001","6.0","","million cubic metres"
"Qatar","2000","97.0","","million cubic metres"
"Qatar","1999","72.0","","million cubic metres"
"Qatar","1998","72.7","","million cubic metres"
"Republic of Korea","0","76.0","","million cubic metres"
"Republic of Moldova","2021","414.0","","million cubic metres"
"Republic of Moldova","2020","235.0","","million cubic metres"
"Republic of Moldova","2019","331.0","","million cubic metres"
"Republic of Moldova","2018","657.0","","million cubic metres"
"Republic of Moldova","2017","1001.0","","million cubic metres"
"Republic of Moldova","2016","1315.0","","million cubic metres"
"Republic of Moldova","2015","285.0","","million cubic metres"
"Republic of Moldova","2014","1219.0","","million cubic metres"
"Republic of Moldova","2013","1252.0","","million cubic metres"
"Republic of Moldova","2012","557.0","","million cubic metres"
"Republic of Moldova","2011","291.0","","million cubic metres"
"Republic of Moldova","2010","2253.0","","million cubic metres"
"Republic of Moldova","2009","328.0","","million cubic metres"
"Republic of Moldova","2008","1136.6","","million cubic metres"
"Republic of Moldova","2007","538.6","","million cubic metres"
"Republic of Moldova","2006","798.4","","million cubic metres"
"Republic of Moldova","2005","1541.4","","million cubic metres"
"Republic of Moldova","2004","1504.8","","million cubic metres"
"Republic of Moldova","2003","441.2","","million cubic metres"
"Republic of Moldova","2002","1193.2","","million cubic metres"
"Republic of Moldova","2001","1444.2","","million cubic metres"
"Republic of Moldova","2000","532.8","","million cubic metres"
"Republic of Moldova","1999","18599.0","7","million cubic metres"
"Republic of Moldova","1998","21530.6","7","million cubic metres"
"Republic of Moldova","1997","21226.4","7","million cubic metres"
"Republic of Moldova","1996","22713.6","7","million cubic metres"
"Republic of Moldova","1995","1158.8","","million cubic metres"
"Republic of Moldova","1990","338.2","","million cubic metres"
"Republic of Moldova","0","584.0","","million cubic metres"
"Romania","2017","29003.0","","million cubic metres"
"Romania","2016","40546.0","","million cubic metres"
"Romania","2015","34659.0","","million cubic metres"
"Romania","2014","41966.0","","million cubic metres"
"Romania","2013","35343.0","","million cubic metres"
"Romania","2012","24297.0","","million cubic metres"
"Romania","2011","30456.0","","million cubic metres"
"Romania","2010","61285.0","","million cubic metres"
"Romania","2009","34231.0","","million cubic metres"
"Romania","2008","38847.0","","million cubic metres"
"Romania","2007","37550.0","","million cubic metres"
"Romania","2006","55945.0","","million cubic metres"
"Romania","2005","63300.0","","million cubic metres"
"Romania","2004","39700.0","","million cubic metres"
"Romania","2003","28500.0","","million cubic metres"
"Romania","2002","37000.0","","million cubic metres"
"Romania","2001","35060.0","","million cubic metres"
"Romania","2000","33230.0","","million cubic metres"
"Romania","1999","49135.0","","million cubic metres"
"Romania","1998","48724.0","","million cubic metres"
"Romania","1997","48630.0","","million cubic metres"
"Romania","1996","40867.0","","million cubic metres"
"Romania","1995","34776.0","","million cubic metres"
"Romania","1994","25846.0","","million cubic metres"
"Romania","1993","33072.0","","million cubic metres"
"Romania","1992","28686.0","","million cubic metres"
"Romania","1991","42161.0","","million cubic metres"
"Romania","1990","21649.0","","million cubic metres"
"Romania","0","39198.0","","million cubic metres"
"Russian Federation","2021","4194700.0","","million cubic metres"
"Russian Federation","2020","4316900.0","","million cubic metres"
"Russian Federation","2019","4060600.0","","million cubic metres"
"Russian Federation","2018","4403800.0","","million cubic metres"
"Russian Federation","2017","4468500.0","","million cubic metres"
"Russian Federation","2016","4230900.0","","million cubic metres"
"Russian Federation","2015","4483800.0","","million cubic metres"
"Russian Federation","2014","4424700.0","","million cubic metres"
"Russian Federation","2013","4330800.0","","million cubic metres"
"Russian Federation","2012","4042800.0","","million cubic metres"
"Russian Federation","2011","4238300.0","","million cubic metres"
"Russian Federation","2010","4119400.0","","million cubic metres"
"Russian Federation","2009","4270000.0","","million cubic metres"
"Russian Federation","2008","4542200.0","","million cubic metres"
"Russian Federation","2007","4693600.0","","million cubic metres"
"Russian Federation","2006","4175200.0","","million cubic metres"
"Russian Federation","2005","4364700.0","","million cubic metres"
"Russian Federation","2004","4313100.0","","million cubic metres"
"Russian Federation","2003","4097400.0","","million cubic metres"
"Russian Federation","2002","4529200.0","","million cubic metres"
"Russian Federation","2001","4186100.0","","million cubic metres"
"Russian Federation","2000","4364400.0","","million cubic metres"
"Russian Federation","1999","4433500.0","","million cubic metres"
"Russian Federation","1998","4414500.0","","million cubic metres"
"Russian Federation","1997","4538000.0","","million cubic metres"
"Russian Federation","1996","4272100.0","","million cubic metres"
"Russian Federation","1995","4089400.0","","million cubic metres"
"Serbia","2015","5576.2","","million cubic metres"
"Serbia","2014","4298.4","","million cubic metres"
"Serbia","2013","1538.0","","million cubic metres"
"Serbia","2012","1854.0","","million cubic metres"
"Serbia","2011","9408.0","","million cubic metres"
"Serbia","2010","6471.0","","million cubic metres"
"Serbia","2009","6920.0","","million cubic metres"
"Serbia","2008","2495.0","","million cubic metres"
"Serbia","2007","2036.1","","million cubic metres"
"Serbia","2006","5909.1","","million cubic metres"
"Serbia","2005","12845.3","","million cubic metres"
"Serbia","2004","11971.0","","million cubic metres"
"Serbia","2003","10553.0","","million cubic metres"
"Serbia","2002","9213.0","","million cubic metres"
"Serbia","2001","7937.0","","million cubic metres"
"Serbia","2000","10389.0","","million cubic metres"
"Serbia","1999","17812.0","","million cubic metres"
"Serbia","1998","9674.1","","million cubic metres"
"Serbia","1997","11847.0","","million cubic metres"
"Serbia","1996","7854.2","","million cubic metres"
"Serbia","1995","9070.0","","million cubic metres"
"Serbia","1990","6260.0","","million cubic metres"
"Serbia","0","12776.0","","million cubic metres"
"Slovakia","2017","18248.0","","million cubic metres"
"Slovakia","2016","22890.0","","million cubic metres"
"Slovakia","2015","11549.0","","million cubic metres"
"Slovakia","2014","21307.0","","million cubic metres"
"Slovakia","2013","19658.0","","million cubic metres"
"Slovakia","2012","13866.0","","million cubic metres"
"Slovakia","2011","7730.0","","million cubic metres"
"Slovakia","2010","32511.0","","million cubic metres"
"Slovakia","2009","10832.0","","million cubic metres"
"Slovakia","2008","10146.0","","million cubic metres"
"Slovakia","2007","9264.0","","million cubic metres"
"Slovakia","2006","14900.0","","million cubic metres"
"Slovakia","2005","12401.0","","million cubic metres"
"Slovakia","2004","10097.0","","million cubic metres"
"Slovakia","2003","6882.0","","million cubic metres"
"Slovakia","2002","12225.0","","million cubic metres"
"Slovakia","2001","13261.0","","million cubic metres"
"Slovakia","2000","13080.0","","million cubic metres"
"Slovakia","1999","14524.0","","million cubic metres"
"Slovakia","1998","14136.0","","million cubic metres"
"Slovakia","1997","12098.0","","million cubic metres"
"Slovakia","1996","12841.0","","million cubic metres"
"Slovakia","1995","12797.0","","million cubic metres"
"Slovakia","1994","14148.0","","million cubic metres"
"Slovakia","1993","10777.0","","million cubic metres"
"Slovakia","1992","10691.0","","million cubic metres"
"Slovakia","1991","11573.0","","million cubic metres"
"Slovakia","1990","15937.0","","million cubic metres"
"Slovakia","0","13074.0","","million cubic metres"
"Slovenia","2017","18649.0","8","million cubic metres"
"Slovenia","2016","18406.0","","million cubic metres"
"Slovenia","2015","10661.0","","million cubic metres"
"Slovenia","2014","25226.0","","million cubic metres"
"Slovenia","2013","21430.0","","million cubic metres"
"Slovenia","2012","17413.0","","million cubic metres"
"Slovenia","2011","7756.0","","million cubic metres"
"Slovenia","2010","21730.0","","million cubic metres"
"Slovenia","2009","20523.0","","million cubic metres"
"Slovenia","2008","23182.0","","million cubic metres"
"Slovenia","2007","15713.0","","million cubic metres"
"Slovenia","2006","12226.0","","million cubic metres"
"Slovenia","2005","16528.0","","million cubic metres"
"Slovenia","2004","21025.0","","million cubic metres"
"Slovenia","2003","9175.0","","million cubic metres"
"Slovenia","2002","15135.0","","million cubic metres"
"Slovenia","2001","16282.0","","million cubic metres"
"Slovenia","2000","17862.0","","million cubic metres"
"Slovenia","1999","18214.1","","million cubic metres"
"Slovenia","1998","18654.0","","million cubic metres"
"Slovenia","1997","14223.5","","million cubic metres"
"Slovenia","1996","21314.3","","million cubic metres"
"Slovenia","1995","19867.0","","million cubic metres"
"Slovenia","1994","8355.5","","million cubic metres"
"Slovenia","1993","3145.4","","million cubic metres"
"Slovenia","1992","5376.4","","million cubic metres"
"Slovenia","1991","5320.0","","million cubic metres"
"Slovenia","1990","19092.0","","million cubic metres"
"Slovenia","0","18596.0","","million cubic metres"
"South Africa","2000","49040.0","","million cubic metres"
"Spain","2015","162392.0","","million cubic metres"
"Spain","2013","63441.0","","million cubic metres"
"Spain","2012","168275.0","","million cubic metres"
"Spain","2011","80592.0","","million cubic metres"
"Spain","2010","107482.0","","million cubic metres"
"Spain","2009","170959.0","","million cubic metres"
"Spain","2008","79753.0","","million cubic metres"
"Spain","2007","68629.0","","million cubic metres"
"Spain","2006","109676.0","","million cubic metres"
"Spain","2005","84324.0","","million cubic metres"
"Spain","2004","53713.0","","million cubic metres"
"Spain","2003","121579.0","","million cubic metres"
"Spain","2002","131378.0","","million cubic metres"
"Spain","2001","62344.0","","million cubic metres"
"Spain","2000","168178.0","","million cubic metres"
"Spain","1999","59763.0","","million cubic metres"
"Spain","1998","121889.0","","million cubic metres"
"Spain","1997","144406.0","","million cubic metres"
"Spain","1996","167414.0","","million cubic metres"
"Spain","1995","73454.0","","million cubic metres"
"Spain","1994","93679.0","","million cubic metres"
"Spain","1993","101776.0","","million cubic metres"
"Spain","1992","99319.0","","million cubic metres"
"Spain","1991","74835.0","","million cubic metres"
"Spain","1990","112580.0","","million cubic metres"
"Spain","0","111133.0","","million cubic metres"
"Sri Lanka","2006","42788.0","","million cubic metres"
"Sri Lanka","2005","59666.0","","million cubic metres"
"Sri Lanka","2004","36372.0","","million cubic metres"
"Sri Lanka","2003","57697.0","","million cubic metres"
"Sri Lanka","2002","23753.0","","million cubic metres"
"Sri Lanka","2001","23740.0","","million cubic metres"
"Sri Lanka","2000","19798.0","","million cubic metres"
"Sri Lanka","1999","16699.0","","million cubic metres"
"Sri Lanka","1998","52491.0","","million cubic metres"
"Sri Lanka","1997","40166.0","","million cubic metres"
"Sri Lanka","1996","53254.0","","million cubic metres"
"Sri Lanka","1995","35222.0","","million cubic metres"
"Sri Lanka","1990","33178.0","","million cubic metres"
"Sri Lanka","0","38063.0","","million cubic metres"
"Sweden","2017","179741.0","","million cubic metres"
"Sweden","2016","149299.0","","million cubic metres"
"Sweden","2015","202894.0","","million cubic metres"
"Sweden","2014","169204.0","","million cubic metres"
"Sweden","2013","156068.0","","million cubic metres"
"Sweden","2012","218514.0","","million cubic metres"
"Sweden","2011","202844.0","","million cubic metres"
"Sweden","2010","174240.0","","million cubic metres"
"Sweden","2009","175514.0","","million cubic metres"
"Sweden","2008","195068.0","","million cubic metres"
"Sweden","2007","184753.0","","million cubic metres"
"Sweden","2006","179356.0","","million cubic metres"
"Sweden","2005","171211.0","","million cubic metres"
"Sweden","2004","179244.0","","million cubic metres"
"Sweden","2003","143102.0","","million cubic metres"
"Sweden","2002","150090.0","","million cubic metres"
"Sweden","2001","205387.0","","million cubic metres"
"Sweden","2000","244835.0","","million cubic metres"
"Sweden","1999","178170.0","","million cubic metres"
"Sweden","1998","227570.0","","million cubic metres"
"Sweden","1997","148380.0","","million cubic metres"
"Sweden","1996","115780.0","","million cubic metres"
"Sweden","1995","185336.0","","million cubic metres"
"Sweden","1994","147580.0","","million cubic metres"
"Sweden","1993","180275.0","","million cubic metres"
"Sweden","1992","174275.0","","million cubic metres"
"Sweden","1991","145530.0","","million cubic metres"
"Sweden","1990","181050.0","","million cubic metres"
"Sweden","0","181526.0","","million cubic metres"
"Switzerland","2015","40173.0","","million cubic metres"
"Switzerland","2014","41535.0","","million cubic metres"
"Switzerland","2013","45967.0","","million cubic metres"
"Switzerland","2012","39153.0","","million cubic metres"
"Switzerland","2011","31058.0","","million cubic metres"
"Switzerland","2010","37493.0","","million cubic metres"
"Switzerland","2009","37691.0","","million cubic metres"
"Switzerland","2008","39834.0","","million cubic metres"
"Switzerland","2007","39199.0","","million cubic metres"
"Switzerland","2006","34371.0","","million cubic metres"
"Switzerland","2005","33558.0","","million cubic metres"
"Switzerland","2004","35425.0","","million cubic metres"
"Switzerland","2003","36499.0","","million cubic metres"
"Switzerland","2002","38739.0","","million cubic metres"
"Switzerland","2001","52571.0","","million cubic metres"
"Switzerland","2000","41455.0","","million cubic metres"
"Switzerland","1999","52819.7","","million cubic metres"
"Switzerland","1998","34760.3","","million cubic metres"
"Switzerland","1997","40048.1","","million cubic metres"
"Switzerland","1996","32701.4","","million cubic metres"
"Switzerland","1995","46421.0","","million cubic metres"
"Switzerland","1994","49038.2","","million cubic metres"
"Switzerland","1993","40557.3","","million cubic metres"
"Switzerland","1992","37050.6","","million cubic metres"
"Switzerland","1991","37184.5","","million cubic metres"
"Switzerland","1990","33103.0","","million cubic metres"
"Switzerland","0","39825.0","","million cubic metres"
"Syrian Arab Republic","2019","8024.2","","million cubic metres"
"Syrian Arab Republic","2018","10256.0","","million cubic metres"
"Syrian Arab Republic","2017","5401.0","","million cubic metres"
"Syrian Arab Republic","2016","5147.6","","million cubic metres"
"Syrian Arab Republic","2015","5922.0","","million cubic metres"
"Syrian Arab Republic","2014","6266.0","","million cubic metres"
"Syrian Arab Republic","2013","4431.0","","million cubic metres"
"Syrian Arab Republic","2012","7682.0","","million cubic metres"
"Syrian Arab Republic","2011","6278.0","","million cubic metres"
"Syrian Arab Republic","2010","6441.0","","million cubic metres"
"Syrian Arab Republic","2009","5347.0","","million cubic metres"
"Syrian Arab Republic","2008","4615.0","","million cubic metres"
"Syrian Arab Republic","2007","5478.0","","million cubic metres"
"Syrian Arab Republic","2006","5879.0","","million cubic metres"
"Syrian Arab Republic","2005","7561.0","","million cubic metres"
"Syrian Arab Republic","2004","9060.0","","million cubic metres"
"Syrian Arab Republic","2003","8761.0","","million cubic metres"
"Syrian Arab Republic","2002","5993.0","","million cubic metres"
"Syrian Arab Republic","2001","4985.0","","million cubic metres"
"Syrian Arab Republic","2000","4626.0","","million cubic metres"
"Syrian Arab Republic","1999","5278.0","","million cubic metres"
"Syrian Arab Republic","1995","6906.0","","million cubic metres"
"Thailand","0","320476.7","","million cubic metres"
"Togo","2007","15000.0","","million cubic metres"
"Togo","2006","15000.0","","million cubic metres"
"Togo","2005","15000.0","","million cubic metres"
"Togo","2004","15000.0","","million cubic metres"
"Togo","2003","15000.0","","million cubic metres"
"Togo","2002","15000.0","","million cubic metres"
"Togo","2001","15000.0","","million cubic metres"
"Togo","2000","15000.0","","million cubic metres"
"Togo","1999","15000.0","","million cubic metres"
"Togo","1998","15000.0","","million cubic metres"
"Togo","1997","15000.0","","million cubic metres"
"Togo","1996","15000.0","","million cubic metres"
"Togo","1995","15000.0","","million cubic metres"
"Togo","1990","15000.0","","million cubic metres"
"Togo","0","15000.0","","million cubic metres"
"Trinidad and Tobago","2006","4353.1","","million cubic metres"
"Trinidad and Tobago","2005","4067.8","","million cubic metres"
"Trinidad and Tobago","2004","4279.0","","million cubic metres"
"Trinidad and Tobago","2003","-257.4","9","million cubic metres"
"Trinidad and Tobago","2002","5265.6","","million cubic metres"
"Trinidad and Tobago","2001","3085.3","","million cubic metres"
"Trinidad and Tobago","2000","6565.2","","million cubic metres"
"Trinidad and Tobago","1999","5780.2","","million cubic metres"
"Tunisia","2013","1821.0","","million cubic metres"
"Tunisia","2012","3213.4","","million cubic metres"
"Tunisia","2011","2904.0","","million cubic metres"
"Tunisia","2010","2142.0","","million cubic metres"
"Tunisia","2009","3379.0","","million cubic metres"
"Tunisia","2008","2094.0","","million cubic metres"
"Tunisia","2007","3669.0","","million cubic metres"
"Tunisia","2006","3544.0","","million cubic metres"
"Tunisia","2005","3058.0","","million cubic metres"
"Tunisia","2004","4434.0","","million cubic metres"
"Tunisia","2003","3961.0","","million cubic metres"
"Tunisia","2002","2196.0","","million cubic metres"
"Tunisia","2001","2196.0","","million cubic metres"
"Tunisia","2000","2891.0","","million cubic metres"
"Tunisia","1999","3795.0","","million cubic metres"
"Tunisia","1995","2807.8","","million cubic metres"
"Tunisia","1990","5782.4","","million cubic metres"
"Tunisia","0","4170.0","","million cubic metres"
"United Kingdom of Great Britain and Northern Ireland","2010","110990.0","","million cubic metres"
"United Kingdom of Great Britain and Northern Ireland","2009","153341.0","","million cubic metres"
"United Kingdom of Great Britain and Northern Ireland","2008","179875.0","","million cubic metres"
"United Kingdom of Great Britain and Northern Ireland","2007","155980.0","","million cubic metres"
"United Kingdom of Great Britain and Northern Ireland","2006","158918.0","","million cubic metres"
"United Kingdom of Great Britain and Northern Ireland","2005","150518.0","","million cubic metres"
"United Kingdom of Great Britain and Northern Ireland","2004","171584.0","","million cubic metres"
"United Kingdom of Great Britain and Northern Ireland","2003","114082.0","","million cubic metres"
"United Kingdom of Great Britain and Northern Ireland","2002","199367.0","","million cubic metres"
"United Kingdom of Great Britain and Northern Ireland","2001","158724.0","","million cubic metres"
"United Kingdom of Great Britain and Northern Ireland","2000","221578.0","","million cubic metres"
"United Kingdom of Great Britain and Northern Ireland","1999","194116.7","","million cubic metres"
"United Kingdom of Great Britain and Northern Ireland","1998","194457.3","","million cubic metres"
"United Kingdom of Great Britain and Northern Ireland","1997","136418.4","","million cubic metres"
"United Kingdom of Great Britain and Northern Ireland","1996","125097.0","","million cubic metres"
"United Kingdom of Great Britain and Northern Ireland","1995","161386.0","","million cubic metres"
"United Kingdom of Great Britain and Northern Ireland","1994","193558.5","","million cubic metres"
"United Kingdom of Great Britain and Northern Ireland","1993","172300.1","","million cubic metres"
"United Kingdom of Great Britain and Northern Ireland","1992","173634.1","","million cubic metres"
"United Kingdom of Great Britain and Northern Ireland","1991","154337.2","","million cubic metres"
"United Kingdom of Great Britain and Northern Ireland","1990","181609.0","","million cubic metres"
"United Kingdom of Great Britain and Northern Ireland","0","161369.0","","million cubic metres"
"United States of America","0","2460.0","1","million cubic metres"
"Venezuela (Bolivarian Republic of)","2009","106773.5","10","million cubic metres"
"Venezuela (Bolivarian Republic of)","2008","464435.1","10","million cubic metres"
"Venezuela (Bolivarian Republic of)","2007","506619.7","10","million cubic metres"
"Venezuela (Bolivarian Republic of)","2006","432312.0","10","million cubic metres"
"Venezuela (Bolivarian Republic of)","2005","652312.0","10","million cubic metres"
"Venezuela (Bolivarian Republic of)","2004","562312.0","10","million cubic metres"
"Venezuela (Bolivarian Republic of)","2003","347543.0","10","million cubic metres"
"Venezuela (Bolivarian Republic of)","2002","582312.0","10","million cubic metres"
"Venezuela (Bolivarian Republic of)","2001","562312.0","10","million cubic metres"
"Venezuela (Bolivarian Republic of)","2000","562312.0","10","million cubic metres"
"Venezuela (Bolivarian Republic of)","1999","630000.0","","million cubic metres"
"Venezuela (Bolivarian Republic of)","1998","540000.0","","million cubic metres"
"Venezuela (Bolivarian Republic of)","1997","590000.0","","million cubic metres"
"Venezuela (Bolivarian Republic of)","1996","560000.0","","million cubic metres"
"Venezuela (Bolivarian Republic of)","1995","662312.0","10","million cubic metres"
"Venezuela (Bolivarian Republic of)","1990","672312.0","10","million cubic metres"
"Venezuela (Bolivarian Republic of)","0","576927.4","11,10","million cubic metres"
"Yemen","2002","4000.0","","million cubic metres"
"Yemen","2000","2200.0","","million cubic metres"
"Yemen","1995","2500.0","","million cubic metres"
"Yemen","1994","3660.0","","million cubic metres"
"Yemen","1990","2500.0","","million cubic metres"
"Zambia","2012","989.5","","million cubic metres"
"Zambia","2011","846.5","","million cubic metres"
"Zambia","2010","964.9","","million cubic metres"
"Zambia","2009","958.3","","million cubic metres"
"Zambia","2008","975.3","","million cubic metres"
"Zambia","2007","992.9","","million cubic metres"
"Zambia","2006","968.7","","million cubic metres"
"Zambia","2005","714.3","","million cubic metres"
"Zambia","2004","993.0","","million cubic metres"
"Zambia","2003","911.9","","million cubic metres"
"Zambia","2002","803.8","","million cubic metres"
"Zambia","2001","979.7","","million cubic metres"
"Zambia","0","904.6","","million cubic metres"
"Zimbabwe","2017","46954.1","","million cubic metres"
"Zimbabwe","2016","26682.6","","million cubic metres"
"Zimbabwe","2015","30825.5","","million cubic metres"
"Zimbabwe","2014","37123.4","","million cubic metres"
"Zimbabwe","2013","37841.8","","million cubic metres"
"Zimbabwe","2012","32719.8","","million cubic metres"
"Zimbabwe","2011","36675.7","","million cubic metres"
"Zimbabwe","2010","34889.6","","million cubic metres"
"Zimbabwe","2009","36133.7","","million cubic metres"
"Zimbabwe","2008","39176.2","","million cubic metres"
"Zimbabwe","2007","29443.6","","million cubic metres"
"Zimbabwe","2006","41118.7","","million cubic metres"
"Zimbabwe","2005","26028.2","","million cubic metres"
"Zimbabwe","2004","35047.1","","million cubic metres"
"Zimbabwe","2003","29989.0","","million cubic metres"
"Zimbabwe","2002","22916.1","","million cubic metres"
"Zimbabwe","2001","35849.1","","million cubic metres"
"Zimbabwe","2000","43470.6","","million cubic metres"
"Zimbabwe","1999","38324.0","","million cubic metres"
"Zimbabwe","1998","26382.5","","million cubic metres"
"Zimbabwe","1997","39691.8","","million cubic metres"
"Zimbabwe","1996","34476.3","","million cubic metres"
"Zimbabwe","1995","20606.1","","million cubic metres"
"Zimbabwe","1990","30756.6","","million cubic metres"
"Zimbabwe","0","33880.1","","million cubic metres"

"fnSeqID","Footnote"
"1","Estimate."
"2","Provisional value."
"3","The number is negative because evapotranspiration covers both water from precipitation and external inflow of water.  Whereas precipitation covers water from rain that fall within the National territory."
"4","Annual volumes of the internal surface flows and inflows from neighbouring countries are calculated by the method of GGI. Underground runoff is not taken into account."
"5","Data refer to the hydrologic year (November to October)."
"6","The values are lower compared to those in other years since 1999 was an exceptionally dry year."
"7","Internal inflow is calculated as total amount of all small rivers per year (without  Dniester and Prut)."
"8","Eurostat estimate."
"9","2003 was a deficit year when evapotranspiration was higher than precipitation, giving rise to the negative figure."
"10","The figures for internal flow include usable groundwater reservoirs, estimated at 22312 million m3."
"11","The long-term annual average for precipitation, evapotranspiration and internal flow is based on a period of 13 years."
